uniqueID,IDALL,Supp_services_average_percent_transf,Supp_services_average,Impact of intensification on: ES supporting Soil formation/flood prevention,Impact of intensification on: ES Supporting Nutrient cycling,"Impact of intensification on: 
 ES supporting Primary production (e.g. total biomass)",Nonecon_wellbeing_average,"Impact of intensification on: natural capital (land, water resources, livestock)","Impact of intensification on: 
 Health",Impact of intensification on: Food security,"Impact of intensification on: 
 Justice",Impacts of intensification on: Property rights,Employment,"Combined 
 ecological-social outcome"
13,19,-1.006945,0.98993055,NA,1.0173611,0.9625,1.1875,1.1875,NA,NA,NA,NA,,Win-Win
27,56,8.25838,1.0825838,Neutral,1.0825838,NA,1.4726776,Positive,NA,NA,NA,NA,1.4726776,Mix-Win
29,61,15.90909,1.1590909,NA,1.1590909,NA,1.20132655,1.27,1.1326531,NA,NA,NA,,Win-Win
36,74,9.8934,1.098934,NA,NA,1.098934,1.21,1.21,NA,Positive ,NA,NA,,Win-Win
42,99,6.37037,1.0637037,NA,1.0637037,NA,1.037741,1.037741,NA,NA,NA,NA,,Win-Mix
43,99,9.77778,1.0977778,NA,1.0977778,NA,1.2830579,1.2830579,NA,NA,NA,NA,,Mix-Mix
66,176,0,1,NA,NA,1,1.505,1.505,NA,NA,NA,NA,,Mix-Mix
83,214,0.99134,1.0099134,NA,1.009617,1.0102098,1.2733333,1.2733333,NA,NA,NA,NA,,Win-Win
89,251,32.783085,1.32783085,1.051495,1.6041667,NA,1.6,1.6,NA,NA,NA,NA,Neutral,Mix-Mix
90,251,7.277825,1.07277825,1.0830565,1.0625,NA,1.45,1.45,NA,NA,NA,NA,Neutral,Mix-Mix
91,251,12.781005,1.12781005,1.0472868,1.2083333,NA,1.59,1.59,NA,NA,NA,NA,Neutral,Mix-Mix
92,251,26.041665,1.26041665,1,1.5208333,NA,1.5,1.5,NA,NA,NA,NA,Neutral,Mix-Mix
124,295,64.21693,1.6421693,1.8722222,1.8142857,1.24,1.1794444,1.1794444,NA,NA,NA,NA,,Mix-Mix
126,309,183.3333333,2.833333333,NA,NA,2.833333333,1.655508404,1.783105023,1.527911785,Positive,NA,NA,,Win-Mix
128,320,21.32959025,1.213295903,NA,1.213295903,NA,1.026363636,1.026363636,NA,NA,NA,NA,,Win-Mix
136,338,26.325,1.26325,NA,NA,1.26325,1.155,1.155,NA,NA,NA,NA,,Win-Win
139,356,21,1.21,NA,1.21,NA,1.23,NA,1.23,NA,NA,NA,,Win-Mix
140,356,24,1.24,NA,1.24,NA,1.19,NA,1.19,NA,NA,NA,,Win-Mix
142,366,15.626615,1.15626615,NA,1.0352397,1.2772926,2.8076923,NA,NA,NA,NA,NA,2.8076923,Mix-Mix
143,366,42.433315,1.42433315,NA,0.938186,1.9104803,2.2115385,NA,NA,NA,NA,NA,2.2115385,Mix-Mix
144,367,-6.94073,0.9305927,NA,NA,0.9305927,1.495,1.495,NA,NA,NA,NA,,Mix-Win
145,367,-17.4346,0.825654,NA,NA,0.825654,1.46,1.46,NA,NA,NA,NA,,Mix-Win
146,367,-22.06727,0.7793273,NA,NA,0.7793273,1.38,1.38,NA,NA,NA,NA,,Mix-Win
149,388,2.738712065,1.027387121,NA,1.027387121,NA,1.250038023,1.250038023,NA,NA,NA,NA,,Win-Mix
150,388,-8.58623242,0.914137676,NA,0.914137676,NA,1.2,1.2,NA,NA,NA,NA,,Mix-Mix
155,404,14.68575,1.1468575,NA,NA,1.1468575,1.22,1.22,NA,Positive,NA,NA,,Win-Win
164,412,9.76361791,1.097636179,NA,1.097636179,NA,0.9358,0.9358,NA,NA,NA,NA,,Win-Mix
165,413,11.31044,1.1131044,NA,1.1131044,NA,0.9729886,0.9729886,NA,NA,NA,NA,,Win-Mix
166,418,4.444444444,1.044444444,NA,1.044444444,NA,1.177966102,NA,1.177966102,NA,NA,NA,,Win-Win
167,418,-6.111111111,0.938888889,NA,0.938888889,NA,1.177966102,NA,1.177966102,NA,NA,NA,,Mix-Mix
168,418,1.324503311,1.013245033,NA,1.013245033,NA,1.072289157,NA,1.072289157,NA,NA,NA,,Win-Win
217,477,33.19587629,1.331958763,1.331958763,NA,NA,1.266666667,NA,NA,NA,NA,NA,1.266666667,Win-Win
253,539,94,1.94,NA,1.94,NA,1.23,1.23,NA,NA,NA,NA,,Mix-Mix
254,539,416,5.16,NA,5.16,NA,1.23,1.23,NA,NA,NA,NA,,Win-Mix
255,539,224,3.24,NA,3.24,NA,1.24,1.24,NA,NA,NA,NA,,Win-Mix
256,539,232,3.32,NA,3.32,NA,1.08,1.08,NA,NA,NA,NA,,Win-Mix
257,539,330,4.3,NA,4.3,NA,1.06,1.06,NA,NA,NA,NA,,Win-Mix
258,540,1.83486,1.0183486,NA,1.0366972,1,1.02239805,1.0066667,1.0381294,NA,NA,NA,,Mix-Mix
259,540,1.47445,1.0147445,NA,1.029489,1,1.018616,1,1.037232,NA,NA,NA,,Mix-Mix
266,560,2.14271,1.0214271,NA,1.0214271,NA,1.9,1.9,NA,NA,NA,NA,,Win-Win
267,563,5.675675676,1.056756757,NA,NA,1.056756757,1.073333333,1.073333333,NA,NA,NA,NA,,Mix-Win
274,567,9.206008584,1.092060086,NA,NA,1.092060086,1.079145729,1.079145729,NA,NA,NA,NA,,Win-Win
275,567,-4.258738449,0.957412616,NA,NA,0.957412616,0.995,0.995,NA,NA,NA,NA,,Mix-Mix
278,575,22.54114134,1.225411413,NA,1.265536723,1.185286104,1.24,1.24,NA,NA,NA,NA,,Win-Mix
280,582,85.964065,1.85964065,NA,1.1556586,2.5636227,1.0659115,NA,NA,1.6392857,0.4925373,NA,,Win-Mix
281,582,55.079385,1.55079385,NA,1.1384703,1.9631174,1.2851812,NA,NA,1.9285714,0.641791,NA,,Win-Mix
282,582,56.276985,1.56276985,NA,1.1094273,2.0161124,3.1714015,NA,NA,4.3125,2.030303,NA,,Win-Win
283,582,39.814945,1.39814945,NA,1.0700004,1.7262985,3.10132575,NA,NA,4.6875,1.5151515,NA,,Win-Win
284,582,118.2644,2.182644,NA,1.08854,3.276748,4,NA,NA,Positive,4,NA,,Win-Win
285,582,60.159855,1.60159855,NA,1.0843932,2.1188039,2.5,NA,NA,Positive,2.5,NA,,Win-Win
286,583,0,1,NA,NA,1,0.9892857,NA,1.3,0.6785714,NA,NA,,Mix-Mix
287,583,50,1.5,NA,NA,1.5,0.76785715,NA,1,0.5357143,NA,NA,,Mix-Mix
288,583,25,1.25,NA,NA,1.25,1.4392857,NA,1.7,1.1785714,NA,NA,,Mix-Mix
289,583,173.44173,2.7344173,NA,3.4444444,2.0243902,1.44166665,NA,1.55,1.3333333,NA,NA,,Mix-Win
290,583,157.65583,2.5765583,NA,3.0555556,2.097561,1.0277778,NA,1,1.0555556,NA,NA,,Mix-Mix
291,583,0,1,NA,NA,1,1.4292453,NA,1.5,1.3584906,NA,NA,,Mix-Win
292,583,50,1.5,NA,NA,1.5,1.1061321,NA,1.25,0.9622642,NA,NA,,Mix-Mix
293,583,0,1,NA,NA,1,1.15,NA,1.3,1,NA,NA,,Mix-Mix
298,609,7.757155,1.07757155,NA,1.153497,1.0016461,1.14,1.14,NA,NA,NA,NA,,Mix-Mix
299,613,-4.062703406,0.959372966,NA,0.959372966,NA,1.033457249,1.033457249,NA,NA,NA,NA,,Mix-Win
303,618,11.1509,1.111509,NA,1.111509,NA,1.0991167,1.1608008,1.0374326,NA,NA,NA,,Mix-Win
312,631,18.35878,1.1835878,NA,NA,1.1835878,1.4975,1.4975,NA,NA,NA,NA,,Win-Mix
320,673,17.90585975,1.179058598,NA,1.179058598,NA,1.066666667,NA,1.066666667,NA,NA,NA,,Win-Mix
323,682,31.52956009,1.315295601,NA,NA,1.315295601,1.454545455,1.454545455,NA,NA,NA,NA,,Win-Win
324,699,82.58577596,1.82585776,1.82585776,NA,NA,1.633333333,1.633333333,NA,NA,NA,NA,,Win-Win
341,731,31.35830665,1.313583067,NA,NA,1.313583067,1.39,1.39,NA,NA,NA,NA,,Win-Win
348,742,11.4398148,1.114398148,NA,1.241269841,0.987526455,1.443684211,1.66,1.227368421,NA,NA,NA,,Win-Win
349,742,10.87278845,1.108727884,NA,1.231746032,0.985709737,1.4775,1.695,1.26,NA,NA,NA,,Win-Win
350,742,25.18472043,1.251847204,NA,1.511111111,0.992583297,1.6975,1.695,1.70,NA,NA,NA,,Win-Win
358,757,18.99777247,1.189977725,NA,1.128898167,1.251057282,3.341666667,3.341666667,NA,NA,NA,NA,,Win-Win
375,776,22.091688,1.22091688,NA,NA,1.22091688,1.533333333,1.533333333,NA,NA,NA,NA,,Win-Win
376,776,1.0322337,1.010322337,NA,NA,1.010322337,1.061666667,1.061666667,NA,NA,NA,NA,,Win-Win
377,778,6.250979118,1.062509791,NA,1.046632124,1.078387458,1.030398323,NA,1.030398323,NA,NA,NA,,Win-Win
378,778,-0.441255824,0.995587442,NA,0.984455959,1.006718925,1.031446541,NA,1.031446541,NA,NA,NA,,Mix-Win
379,779,5.096831878,1.050968319,NA,1.050968319,NA,1.14,1.14,NA,NA,NA,NA,,Mix-Mix
380,779,3.488924704,1.034889247,NA,1.034889247,NA,1.13,1.13,NA,NA,NA,NA,,Mix-Mix
388,784,6.780675995,1.06780676,1.052380952,1.083232568,NA,1.031666667,1.031666667,NA,NA,NA,NA,,Mix-Mix
